Товар,Ссылка,Бренд
RICHARD SPENCER,Рубашка Easy Iron,https://www.wildberries.ru/catalog/8550041/detail.aspx?targetUrl=GP
GALBIATI,Рубашка,https://www.wildberries.ru/catalog/9893790/detail.aspx?targetUrl=GP
RICHARD SPENCER,Рубашка,https://www.wildberries.ru/catalog/7645518/detail.aspx?targetUrl=GP
Envy Lab,Рубашка,https://www.wildberries.ru/catalog/6478493/detail.aspx?targetUrl=GP
Levi's®,Рубашка,https://www.wildberries.ru/catalog/7161657/detail.aspx?targetUrl=GP
BAWER,Рубашка,https://www.wildberries.ru/catalog/8618472/detail.aspx?targetUrl=GP
Envy Lab,Рубашка,https://www.wildberries.ru/catalog/4051519/detail.aspx?targetUrl=GP
Levi's®,Рубашка,https://www.wildberries.ru/catalog/2252960/detail.aspx?targetUrl=GP
BAWER,Рубашка,https://www.wildberries.ru/catalog/9659178/detail.aspx?targetUrl=GP
Envy Lab,Рубашка,https://www.wildberries.ru/catalog/4564303/detail.aspx?targetUrl=GP
Levi's®,Рубашка,https://www.wildberries.ru/catalog/7161655/detail.aspx?targetUrl=GP
BAWER,Рубашка,https://www.wildberries.ru/catalog/8612522/detail.aspx?targetUrl=GP
Envy Lab,Рубашка,https://www.wildberries.ru/catalog/4810660/detail.aspx?targetUrl=GP
RICHARD SPENCER,Рубашка,https://www.wildberries.ru/catalog/7645519/detail.aspx?targetUrl=GP
Levi's®,Рубашка Sunset 1 Pocket,https://www.wildberries.ru/catalog/8246395/detail.aspx?targetUrl=GP
Envy Lab,Рубашка,https://www.wildberries.ru/catalog/6532495/detail.aspx?targetUrl=GP
Envy Lab,Рубашка,https://www.wildberries.ru/catalog/6701019/detail.aspx?targetUrl=GP
Levi's®,Рубашка BARSTOW WESTERN,https://www.wildberries.ru/catalog/8246394/detail.aspx?targetUrl=GP
GALBIATI,Рубашка,https://www.wildberries.ru/catalog/7973583/detail.aspx?targetUrl=GP
O'STIN,Рубашка,https://www.wildberries.ru/catalog/10511696/detail.aspx?targetUrl=GP
RICHARD SPENCER,Рубашка,https://www.wildberries.ru/catalog/10316559/detail.aspx?targetUrl=GP
BAWER,Рубашка,https://www.wildberries.ru/catalog/7495702/detail.aspx?targetUrl=GP
Levi's®,Рубашка BARSTOW WESTERN,https://www.wildberries.ru/catalog/8577436/detail.aspx?targetUrl=GP
Levi's®,Рубашка Sunset 1 Pocket,https://www.wildberries.ru/catalog/8243367/detail.aspx?targetUrl=GP
Envy Lab,Рубашка,https://www.wildberries.ru/catalog/4273042/detail.aspx?targetUrl=GP
Envy Lab,Рубашка,https://www.wildberries.ru/catalog/6532496/detail.aspx?targetUrl=GP
HENDERSON,Рубашка non iron,https://www.wildberries.ru/catalog/8967501/detail.aspx?targetUrl=GP
oodji,Рубашка,https://www.wildberries.ru/catalog/7191774/detail.aspx?targetUrl=GP
oodji,Рубашка,https://www.wildberries.ru/catalog/2051383/detail.aspx?targetUrl=GP
Envy Lab,Рубашка,https://www.wildberries.ru/catalog/6532497/detail.aspx?targetUrl=GP
Envy Lab,Рубашка,https://www.wildberries.ru/catalog/8395587/detail.aspx?targetUrl=GP
Envy Lab,Рубашка,https://www.wildberries.ru/catalog/3929884/detail.aspx?targetUrl=GP
BAWER,Рубашка,https://www.wildberries.ru/catalog/8920381/detail.aspx?targetUrl=GP
Envy Lab,Рубашка,https://www.wildberries.ru/catalog/4746392/detail.aspx?targetUrl=GP
GALBIATI,Рубашка,https://www.wildberries.ru/catalog/8742770/detail.aspx?targetUrl=GP
oodji,Рубашка,https://www.wildberries.ru/catalog/4257423/detail.aspx?targetUrl=GP
ТВОЕ,Рубашка,https://www.wildberries.ru/catalog/10691541/detail.aspx?targetUrl=GP
BAWER,Рубашка,https://www.wildberries.ru/catalog/7852993/detail.aspx?targetUrl=GP
Levi's®,Рубашка,https://www.wildberries.ru/catalog/8246397/detail.aspx?targetUrl=GP
HENDERSON,Рубашка,https://www.wildberries.ru/catalog/9037783/detail.aspx?targetUrl=GP
BAWER,Рубашка,https://www.wildberries.ru/catalog/7883791/detail.aspx?targetUrl=GP
BAWER,Рубашка,https://www.wildberries.ru/catalog/9659174/detail.aspx?targetUrl=GP
BAWER,Рубашка,https://www.wildberries.ru/catalog/8920380/detail.aspx?targetUrl=GP
S.OLIVER,Рубашка,https://www.wildberries.ru/catalog/10437455/detail.aspx?targetUrl=GP
S.OLIVER,Рубашка EXTRA SLIM,https://www.wildberries.ru/catalog/10244008/detail.aspx?targetUrl=GP
MONOLITH,Рубашка,https://www.wildberries.ru/catalog/9192675/detail.aspx?targetUrl=GP
HENDERSON,Рубашка,https://www.wildberries.ru/catalog/9037848/detail.aspx?targetUrl=GP
Norfield,Рубашка,https://www.wildberries.ru/catalog/9566602/detail.aspx?targetUrl=GP
BAWER,Рубашка,https://www.wildberries.ru/catalog/9659176/detail.aspx?targetUrl=GP
M65 CASUAL,Рубашка Freedom,https://www.wildberries.ru/catalog/8710029/detail.aspx?targetUrl=GP
Envy Lab,Рубашка,https://www.wildberries.ru/catalog/5047597/detail.aspx?targetUrl=GP
BAWER,Рубашка,https://www.wildberries.ru/catalog/7495701/detail.aspx?targetUrl=GP
BAWER,Рубашка,https://www.wildberries.ru/catalog/9659177/detail.aspx?targetUrl=GP
VELOCITY,Рубашки мужские,https://www.wildberries.ru/catalog/6866912/detail.aspx?targetUrl=GP
GALBIATI,Рубашка,https://www.wildberries.ru/catalog/8696324/detail.aspx?targetUrl=GP
oodji,Рубашка,https://www.wildberries.ru/catalog/8125630/detail.aspx?targetUrl=GP
HENDERSON,Рубашка,https://www.wildberries.ru/catalog/8819297/detail.aspx?targetUrl=GP
O'STIN,Рубашка,https://www.wildberries.ru/catalog/10397623/detail.aspx?targetUrl=GP
MONOLITH,Рубашка,https://www.wildberries.ru/catalog/9192676/detail.aspx?targetUrl=GP
RICHARD SPENCER,Рубашка,https://www.wildberries.ru/catalog/10316592/detail.aspx?targetUrl=GP
Envy Lab,Рубашка,https://www.wildberries.ru/catalog/4297609/detail.aspx?targetUrl=GP
oodji,Рубашка,https://www.wildberries.ru/catalog/4179204/detail.aspx?targetUrl=GP
U.S. Polo Assn.,Рубашка,https://www.wildberries.ru/catalog/10514876/detail.aspx?targetUrl=GP
RICHARD SPENCER,Рубашка,https://www.wildberries.ru/catalog/10316560/detail.aspx?targetUrl=GP
S.OLIVER,Рубашка,https://www.wildberries.ru/catalog/10147073/detail.aspx?targetUrl=GP
S.OLIVER,Рубашка,https://www.wildberries.ru/catalog/9285751/detail.aspx?targetUrl=GP
Levi's®,Рубашка BARSTOW WESTERN,https://www.wildberries.ru/catalog/8512889/detail.aspx?targetUrl=GP
HENDERSON,Рубашка non iron,https://www.wildberries.ru/catalog/8819290/detail.aspx?targetUrl=GP
S.OLIVER,Рубашка,https://www.wildberries.ru/catalog/9285753/detail.aspx?targetUrl=GP
Envy Lab,Рубашка,https://www.wildberries.ru/catalog/4810658/detail.aspx?targetUrl=GP
RICHARD SPENCER,Рубашка,https://www.wildberries.ru/catalog/10316570/detail.aspx?targetUrl=GP
S.OLIVER,Рубашка,https://www.wildberries.ru/catalog/10437498/detail.aspx?targetUrl=GP
HENDERSON,Рубашка,https://www.wildberries.ru/catalog/8978871/detail.aspx?targetUrl=GP
Levi's®,Рубашка Sunset 1 Pocket,https://www.wildberries.ru/catalog/8777377/detail.aspx?targetUrl=GP
RICHARD SPENCER,Рубашка,https://www.wildberries.ru/catalog/10316554/detail.aspx?targetUrl=GP
S.OLIVER,Рубашка,https://www.wildberries.ru/catalog/10095727/detail.aspx?targetUrl=GP
S.OLIVER,Рубашка,https://www.wildberries.ru/catalog/10095725/detail.aspx?targetUrl=GP
BAWER,Рубашка,https://www.wildberries.ru/catalog/7882128/detail.aspx?targetUrl=GP
BAWER,Рубашка,https://www.wildberries.ru/catalog/7852992/detail.aspx?targetUrl=GP
U.S. Polo Assn.,Рубашка,https://www.wildberries.ru/catalog/10401707/detail.aspx?targetUrl=GP
Levi's®,Рубашка Jackson Worker,https://www.wildberries.ru/catalog/8940111/detail.aspx?targetUrl=GP
HENDERSON,Рубашка non iron,https://www.wildberries.ru/catalog/9037784/detail.aspx?targetUrl=GP
U.S. Polo Assn.,Рубашка,https://www.wildberries.ru/catalog/10613446/detail.aspx?targetUrl=GP
Envy Lab,Рубашка,https://www.wildberries.ru/catalog/5047598/detail.aspx?targetUrl=GP
O'STIN,Рубашка,https://www.wildberries.ru/catalog/8995761/detail.aspx?targetUrl=GP
Levi's®,Рубашка Sunset 1 Pocket,https://www.wildberries.ru/catalog/8577439/detail.aspx?targetUrl=GP
S.OLIVER,Рубашка,https://www.wildberries.ru/catalog/9511241/detail.aspx?targetUrl=GP
Envy Lab,Рубашка,https://www.wildberries.ru/catalog/4653779/detail.aspx?targetUrl=GP
S.OLIVER,Рубашка Slim Fit,https://www.wildberries.ru/catalog/8618957/detail.aspx?targetUrl=GP
RICHARD SPENCER,Рубашка Easy Iron,https://www.wildberries.ru/catalog/9794943/detail.aspx?targetUrl=GP
U.S. Polo Assn.,Рубашка,https://www.wildberries.ru/catalog/9495697/detail.aspx?targetUrl=GP
ТВОЕ,Рубашка,https://www.wildberries.ru/catalog/10304049/detail.aspx?targetUrl=GP
RICHARD SPENCER,Рубашка,https://www.wildberries.ru/catalog/10316572/detail.aspx?targetUrl=GP
S.OLIVER,Рубашка EXTRA SLIM,https://www.wildberries.ru/catalog/10244007/detail.aspx?targetUrl=GP
BAWER,Рубашка,https://www.wildberries.ru/catalog/9107331/detail.aspx?targetUrl=GP
ТВОЕ,Рубашка,https://www.wildberries.ru/catalog/10304051/detail.aspx?targetUrl=GP
Envy Lab,Рубашка,https://www.wildberries.ru/catalog/4653784/detail.aspx?targetUrl=GP
Levi's®,Рубашка Jackson Worker,https://www.wildberries.ru/catalog/8777352/detail.aspx?targetUrl=GP
U.S. Polo Assn.,Рубашка,https://www.wildberries.ru/catalog/7624881/detail.aspx?targetUrl=GP
S.OLIVER,Рубашка,https://www.wildberries.ru/catalog/10147076/detail.aspx?targetUrl=GP
